{"cameraMode":{"drawMode":0,"name":"Shaded","section":"Shading Mode"},"sceneLighting":false,"audioPlay":false,"sceneViewState":{"m_AlwaysRefresh":false,"showFog":true,"showSkybox":false,"showFlares":true,"showImageEffects":true,"showParticleSystems":true,"showVisualEffectGraphs":true,"m_FxEnabled":true},"in2DMode":false,"pivot":{"x":2.1762611865997316,"y":-2.6094560623168947,"z":-2.5333876609802248},"rotation":{"x":0.010547742247581482,"y":0.9339147210121155,"z":-0.3563370704650879,"w":0.027753928676247598},"size":4.3693389892578129,"orthographic":false}