{"cameraMode":{"drawMode":0,"name":"Shaded","section":"Shading Mode"},"sceneLighting":true,"audioPlay":false,"sceneViewState":{"m_AlwaysRefresh":false,"showFog":true,"showSkybox":true,"showFlares":true,"showImageEffects":true,"showParticleSystems":true,"showVisualEffectGraphs":true,"m_FxEnabled":true},"in2DMode":false,"pivot":{"x":-0.29213523864746096,"y":130.62588500976563,"z":-48.30929946899414},"rotation":{"x":-0.0791323184967041,"y":-0.6772257685661316,"z":0.07364828884601593,"w":-0.7278286218643189},"size":2.1298351287841799,"orthographic":false}