{"cameraMode":{"drawMode":2,"name":"Shaded Wireframe","section":"Shading Mode"},"sceneLighting":false,"audioPlay":false,"sceneViewState":{"m_AlwaysRefresh":false,"showFog":true,"showSkybox":true,"showFlares":true,"showImageEffects":true,"showParticleSystems":true,"showVisualEffectGraphs":true,"m_FxEnabled":true},"in2DMode":false,"pivot":{"x":72.3791732788086,"y":-22.463031768798829,"z":343.38970947265627},"rotation":{"x":0.37323394417762759,"y":0.006126519292593002,"z":-0.0024638439062982799,"w":0.9277173280715942},"size":162.16297912597657,"orthographic":false}