{"cameraMode":{"drawMode":2,"name":"Shaded Wireframe","section":"Shading Mode"},"sceneLighting":true,"audioPlay":false,"sceneViewState":{"m_AlwaysRefresh":false,"showFog":true,"showSkybox":true,"showFlares":true,"showImageEffects":true,"showParticleSystems":true,"showVisualEffectGraphs":true,"m_FxEnabled":true},"in2DMode":false,"pivot":{"x":17.203731536865236,"y":144.61703491210938,"z":416.48553466796877},"rotation":{"x":0.053578928112983707,"y":0.9189234972000122,"z":0.13378463685512544,"w":-0.3674294352531433},"size":1.6927509307861329,"orthographic":false}