{"cameraMode":{"drawMode":0,"name":"Shaded","section":"Shading Mode"},"sceneLighting":false,"audioPlay":false,"sceneViewState":{"m_AlwaysRefresh":false,"showFog":true,"showSkybox":false,"showFlares":true,"showImageEffects":true,"showParticleSystems":true,"showVisualEffectGraphs":true,"m_FxEnabled":true},"in2DMode":false,"pivot":{"x":-0.5979313254356384,"y":-0.3582368791103363,"z":0.5820602774620056},"rotation":{"x":0.13056640326976777,"y":0.27911868691444399,"z":-0.038339488208293918,"w":0.9505819082260132},"size":3.6823906898498537,"orthographic":true}