{"cameraMode":{"drawMode":0,"name":"Shaded","section":"Shading Mode"},"sceneLighting":false,"audioPlay":false,"sceneViewState":{"m_AlwaysRefresh":false,"showFog":true,"showSkybox":false,"showFlares":true,"showImageEffects":true,"showParticleSystems":true,"showVisualEffectGraphs":true,"m_FxEnabled":true},"in2DMode":false,"pivot":{"x":16.207918167114259,"y":157.8929443359375,"z":162.9918212890625},"rotation":{"x":0.27233973145484927,"y":-0.034051962196826938,"z":0.009643804281949997,"w":0.9615530371665955},"size":6.537923336029053,"orthographic":false}