{"cameraMode":{"drawMode":0,"name":"Shaded","section":"Shading Mode"},"sceneLighting":false,"audioPlay":false,"sceneViewState":{"m_AlwaysRefresh":false,"showFog":true,"showSkybox":false,"showFlares":true,"showImageEffects":true,"showParticleSystems":true,"showVisualEffectGraphs":true,"m_FxEnabled":true},"in2DMode":false,"pivot":{"x":0.6562834978103638,"y":0.04479537904262543,"z":-0.14669080078601838},"rotation":{"x":-0.014733203686773777,"y":0.7635579705238342,"z":-0.01740979589521885,"w":-0.6453560590744019},"size":0.918558657169342,"orthographic":true}